,index,Ano,Produto,Quantidade produzida (Toneladas),Quantidade produzida (mil frutos),Rendimento médio da produção (Quilogramas por Hectare),Rendimento médio da produção (mil frutos por Hectare),Valor da produção (Mil Reais),Área colhida (Hectares),Área plantada ou destinada à colheita (Hectares)
0,0,2000.0,Abacate,17424.0,,726262.9329073481,,3872.0,1252.0,1266.0
1,1,2000.0,Abacaxi,467516.0,,1311350.61302682,,100418.0,20880.0,21004.0
2,2,2000.0,Algodão arbóreo,0.0,,0.0,,0.0,0.0,0.0
3,3,2000.0,Algodão herbáceo,24.0,,2600.0,,14.0,30.0,30.0
4,4,2000.0,Arroz,807630.0,,151899.73050882758,,221340.0,585778.0,612608.0
5,5,2000.0,Banana,155324.0,,216872.55001818843,,196224.0,109960.0,113220.0
6,6,2000.0,Borracha,2320.0,,11576.4046692607,,2084.0,2056.0,3958.0
7,7,2000.0,Cacau,56556.0,,40842.33352195272,,73608.0,77758.0,77810.0
8,8,2000.0,Café,70932.0,,88272.5839112344,,45546.0,34608.0,34922.0
9,9,2000.0,Castanha de caju,3930.0,,21170.14221891288,,2180.0,2686.0,3246.0
10,10,2000.0,Coco,,309914.0,,1046434.9082917557,69152.0,33672.0,34168.0
11,11,2000.0,Dendê,1034228.0,,235995.68936215132,,53326.0,75786.0,75786.0
12,12,2000.0,Feijão,93918.0,,81409.88172292095,,66056.0,146774.0,153466.0
13,13,2000.0,Goiaba,17040.0,,157265.4782608696,,2678.0,460.0,460.0
14,14,2000.0,Laranja,2431104.0,,7900775.146221493,,186410.0,26836.0,27062.0
15,15,2000.0,Limão,160552.0,,5204891.275167785,,4382.0,1192.0,1192.0
16,16,2000.0,Mamão,88972.0,,1169195.9902329077,,20830.0,2662.0,2676.0
17,17,2000.0,Mandioca,8158304.0,,1903295.1407599929,,476062.0,586374.0,604514.0
18,18,2000.0,Maracujá,301516.0,,4307860.550906555,,40192.0,5736.0,5782.0
19,19,2000.0,Melancia,13198.0,,237990.37745740497,,12598.0,3052.0,3052.0
20,20,2000.0,Milho,1064662.0,,143167.21478941318,,246562.0,786184.0,839868.0
21,21,2000.0,Sorgo,0.0,,0.0,,0.0,0.0,0.0
22,22,2000.0,Tangerina,56062.0,,3347461.833333333,,2678.0,480.0,480.0
23,23,2000.0,Tomate,12124.0,,426460.0938967136,,7302.0,426.0,436.0
24,24,2000.0,Uva,0.0,,0.0,,0.0,0.0,0.0
25,25,2001.0,Abacate,7340.0,,309610.1929824561,,1896.0,570.0,576.0
26,26,2001.0,Abacaxi,417948.0,,1323278.3906369917,,149626.0,20848.0,20922.0
27,27,2001.0,Algodão arbóreo,0.0,,0.0,,0.0,0.0,0.0
28,28,2001.0,Algodão herbáceo,0.0,,0.0,,0.0,0.0,0.0
29,29,2001.0,Arroz,782930.0,,162714.614673256,,263860.0,471470.0,485482.0
30,30,2001.0,Banana,1424834.0,,1807744.5404297644,,359072.0,116622.0,119888.0
31,31,2001.0,Borracha,2930.0,,13505.99664710813,,2940.0,2386.0,4800.0
32,32,2001.0,Cacau,58056.0,,42862.52356697779,,101346.0,77354.0,77474.0
33,33,2001.0,Café,58866.0,,83571.10276524808,,34964.0,30594.0,44436.0
34,34,2001.0,Castanha de caju,5754.0,,21334.28272251309,,2994.0,3820.0,3820.0
35,35,2001.0,Coco,,394766.0,,1085838.5041760833,76012.0,40708.0,40718.0
36,36,2001.0,Dendê,1165594.0,,237541.3077713816,,62878.0,77824.0,77824.0
37,37,2001.0,Feijão,102554.0,,84249.67645140248,,95244.0,144102.0,146268.0
38,38,2001.0,Goiaba,2100.0,,45252.6315789474,,248.0,190.0,190.0
39,39,2001.0,Laranja,421846.0,,1435657.8809823678,,69582.0,25408.0,25408.0
40,40,2001.0,Limão,15700.0,,516086.8727569331,,2524.0,1226.0,1226.0
41,41,2001.0,Mamão,47778.0,,724757.7852760736,,11566.0,2608.0,2608.0
42,42,2001.0,Mandioca,7989726.0,,1922775.8758257914,,456472.0,564610.0,571752.0
43,43,2001.0,Maracujá,55000.0,,563557.9153439153,,15840.0,6048.0,6048.0
44,44,2001.0,Melancia,28396.0,,622526.644012945,,10402.0,3090.0,3090.0
45,45,2001.0,Milho,968184.0,,151602.44102648462,,240336.0,620058.0,638714.0
46,46,2001.0,Sorgo,0.0,,0.0,,0.0,0.0,0.0
47,47,2001.0,Tangerina,6264.0,,349517.3568281938,,678.0,454.0,454.0
48,48,2001.0,Tomate,17472.0,,514315.4362416107,,11850.0,596.0,614.0
49,49,2001.0,Uva,22.0,,22000.0,,94.0,2.0,2.0
50,50,2002.0,Abacate,10384.0,,613324.6822429907,,2884.0,428.0,428.0
51,51,2002.0,Abacaxi,425022.0,,1200407.5307635285,,82918.0,21584.0,21672.0
52,52,2002.0,Algodão arbóreo,0.0,,0.0,,0.0,0.0,0.0
53,53,2002.0,Algodão herbáceo,0.0,,0.0,,0.0,0.0,0.0
54,54,2002.0,Arroz,816854.0,,167130.0433572939,,318524.0,464374.0,481774.0
55,55,2002.0,Banana,1447388.0,,1680732.7056960831,,395508.0,106108.0,110538.0
56,56,2002.0,Borracha,2878.0,,10023.272173324305,,3032.0,2954.0,6760.0
57,57,2002.0,Cacau,68138.0,,41306.2282357473,,434064.0,83072.0,83406.0
58,58,2002.0,Café,31994.0,,42859.11025840878,,21494.0,33358.0,45872.0
59,59,2002.0,Castanha de caju,5890.0,,24841.7345971564,,3838.0,4220.0,4220.0
60,60,2002.0,Coco,,440722.0,,1102578.2627955014,90834.0,43570.0,43582.0
61,61,2002.0,Dendê,1100258.0,,228717.9204632361,,67618.0,73224.0,79494.0
62,62,2002.0,Feijão,113728.0,,83264.90886129795,,125928.0,150452.0,152044.0
63,63,2002.0,Goiaba,5450.0,,100000.0,,946.0,218.0,218.0
64,64,2002.0,Laranja,421272.0,,1286533.3794182045,,67344.0,25576.0,25576.0
65,65,2002.0,Limão,14900.0,,540154.78125,,3704.0,1024.0,1024.0
66,66,2002.0,Mamão,30820.0,,537294.695269527,,10500.0,1818.0,1822.0
67,67,2002.0,Mandioca,8257414.0,,2059802.2125466273,,623296.0,544210.0,547228.0
68,68,2002.0,Maracujá,60838.0,,604129.9285960676,,25258.0,5798.0,5800.0
69,69,2002.0,Melancia,75106.0,,1196213.7765151516,,25962.0,4224.0,4226.0
70,70,2002.0,Milho,832644.0,,153252.14118012637,,285936.0,521334.0,549840.0
71,71,2002.0,Sorgo,0.0,,0.0,,0.0,0.0,0.0
72,72,2002.0,Tangerina,5920.0,,334179.368159204,,704.0,402.0,402.0
73,73,2002.0,Tomate,20812.0,,582795.4802259887,,16630.0,708.0,726.0
74,74,2002.0,Uva,0.0,,0.0,,0.0,0.0,0.0
75,75,2003.0,Abacate,2450.0,,138557.6923076923,,728.0,104.0,104.0
76,76,2003.0,Abacaxi,488398.0,,1255448.1546391754,,206126.0,19400.0,19414.0
77,77,2003.0,Algodão arbóreo,0.0,,0.0,,0.0,0.0,0.0
78,78,2003.0,Algodão herbáceo,0.0,,0.0,,0.0,0.0,0.0
79,79,2003.0,Arroz,1169768.0,,165042.79445810427,,588568.0,579152.0,581116.0
80,80,2003.0,Banana,1410536.0,,1550760.4758103206,,331962.0,104218.0,109012.0
81,81,2003.0,Borracha,1240.0,,4321.103354487761,,1294.0,2206.0,6844.0
82,82,2003.0,Cacau,63048.0,,38042.74258970359,,222490.0,102560.0,103114.0
83,83,2003.0,Café,37314.0,,53553.41122774989,,39692.0,35056.0,45736.0
84,84,2003.0,Castanha de caju,5686.0,,18936.513928914508,,3250.0,4164.0,4164.0
85,85,2003.0,Coco,,450776.0,,1102590.0562952373,93792.0,44764.0,44828.0
86,86,2003.0,Dendê,1458002.0,,257256.6773047253,,91426.0,88926.0,88926.0
87,87,2003.0,Feijão,137544.0,,88960.67691718455,,153714.0,161878.0,162974.0
88,88,2003.0,Goiaba,5000.0,,50000.0,,2250.0,200.0,200.0
89,89,2003.0,Laranja,411148.0,,1254984.0404040404,,73548.0,24750.0,24750.0
90,90,2003.0,Limão,9152.0,,152149.4252873563,,2688.0,696.0,696.0
91,91,2003.0,Mamão,30110.0,,506013.4580152672,,10986.0,2096.0,2100.0
92,92,2003.0,Mandioca,8937784.0,,2097815.7539490815,,817038.0,585326.0,587266.0
93,93,2003.0,Maracujá,64552.0,,584746.0205261636,,25790.0,6918.0,6920.0
94,94,2003.0,Melancia,115160.0,,1250832.0,,39092.0,5000.0,5006.0
95,95,2003.0,Milho,1047632.0,,170746.80574083314,,460842.0,569116.0,571722.0
96,96,2003.0,Sorgo,0.0,,0.0,,0.0,0.0,0.0
97,97,2003.0,Tangerina,3364.0,,108790.9090909091,,196.0,220.0,220.0
98,98,2003.0,Tomate,21996.0,,561040.625,,17434.0,768.0,778.0
99,99,2003.0,Uva,0.0,,0.0,,0.0,0.0,0.0
100,100,2004.0,Abacate,2450.0,,138557.6923076923,,728.0,104.0,104.0
101,101,2004.0,Abacaxi,630856.0,,1271929.7981356478,,214768.0,24888.0,24894.0
102,102,2004.0,Algodão arbóreo,0.0,,0.0,,0.0,0.0,0.0
103,103,2004.0,Algodão herbáceo,0.0,,0.0,,0.0,0.0,0.0
104,104,2004.0,Arroz,1273290.0,,170157.1168262838,,665550.0,594130.0,594858.0
105,105,2004.0,Banana,1080624.0,,1569322.29450206,,286632.0,84468.0,84928.0
106,106,2004.0,Borracha,1860.0,,6895.035856573705,,2238.0,2510.0,2510.0
107,107,2004.0,Cacau,65608.0,,38514.542685921995,,231538.0,101790.0,102114.0
108,108,2004.0,Café,41394.0,,57606.78132992327,,38198.0,37536.0,46490.0
109,109,2004.0,Castanha de caju,2758.0,,12175.25389755011,,2058.0,4490.0,4510.0
110,110,2004.0,Coco,,481328.0,,1136357.7666948435,108844.0,47320.0,47440.0
111,111,2004.0,Dendê,1476482.0,,265560.6365337337,,112982.0,91926.0,91938.0
112,112,2004.0,Feijão,127658.0,,87556.63042135828,,146584.0,152222.0,153812.0
113,113,2004.0,Goiaba,2754.0,,10200.0,,854.0,540.0,540.0
114,114,2004.0,Laranja,436238.0,,1187856.5240236863,,50038.0,26682.0,26682.0
115,115,2004.0,Limão,9074.0,,153567.1843575419,,2194.0,716.0,716.0
116,116,2004.0,Mamão,39526.0,,553033.5674110835,,12234.0,2418.0,2422.0
117,117,2004.0,Mandioca,8891044.0,,2083257.861930295,,942664.0,596800.0,596800.0
118,118,2004.0,Maracujá,76406.0,,582835.193933604,,31926.0,8374.0,8374.0
119,119,2004.0,Melancia,107510.0,,1273909.434599156,,32668.0,4740.0,4782.0
120,120,2004.0,Milho,1140622.0,,170847.36966644236,,460104.0,588444.0,589384.0
121,121,2004.0,Sorgo,0.0,,0.0,,0.0,0.0,0.0
122,122,2004.0,Tangerina,3364.0,,108790.9090909091,,210.0,220.0,220.0
123,123,2004.0,Tomate,23416.0,,558197.0074812968,,20500.0,802.0,806.0
124,124,2004.0,Uva,0.0,,0.0,,0.0,0.0,0.0
125,125,2005.0,Abacate,2450.0,,138557.6923076923,,728.0,104.0,104.0
126,126,2005.0,Abacaxi,536248.0,,1309405.4487191343,,281110.0,21626.0,21646.0
127,127,2005.0,Algodão arbóreo,0.0,,0.0,,0.0,0.0,0.0
128,128,2005.0,Algodão herbáceo,0.0,,0.0,,0.0,0.0,0.0
129,129,2005.0,Arroz,1263448.0,,176176.03766316854,,426646.0,597082.0,597104.0
130,130,2005.0,Banana,1075800.0,,1564262.2697870103,,299110.0,83666.0,83710.0
131,131,2005.0,Borracha,2002.0,,8236.265895953757,,3264.0,2768.0,2768.0
132,132,2005.0,Cacau,76238.0,,38782.92655673053,,227478.0,103454.0,103576.0
133,133,2005.0,Café,36042.0,,51758.90472753519,,32688.0,33252.0,44526.0
134,134,2005.0,Castanha de caju,2810.0,,13375.33883579496,,2202.0,4604.0,4604.0
135,135,2005.0,Coco,,495254.0,,1140132.4516255385,106568.0,51060.0,51870.0
136,136,2005.0,Dendê,1495332.0,,276204.5230877914,,120566.0,93426.0,93938.0
137,137,2005.0,Feijão,112744.0,,89807.7770035322,,157748.0,145518.0,145562.0
138,138,2005.0,Goiaba,7280.0,,24800.0,,2984.0,650.0,650.0
139,139,2005.0,Laranja,427944.0,,1185110.473077217,,75346.0,26186.0,26186.0
140,140,2005.0,Limão,11822.0,,188529.8267716535,,2088.0,1016.0,1016.0
141,141,2005.0,Mamão,33818.0,,566336.4595910419,,11032.0,2054.0,2058.0
142,142,2005.0,Mandioca,9595514.0,,2077223.334953512,,988750.0,632852.0,633052.0
143,143,2005.0,Maracujá,90594.0,,609422.802303263,,36234.0,8336.0,8336.0
144,144,2005.0,Melancia,121438.0,,1216370.3669064748,,40740.0,5560.0,5592.0
145,145,2005.0,Milho,1119396.0,,177525.43543042787,,399432.0,556516.0,557008.0
146,146,2005.0,Sorgo,0.0,,0.0,,0.0,0.0,0.0
147,147,2005.0,Tangerina,3414.0,,113343.4782608696,,226.0,230.0,230.0
148,148,2005.0,Tomate,24916.0,,582837.962962963,,22742.0,864.0,868.0
149,149,2005.0,Uva,0.0,,0.0,,0.0,0.0,0.0
150,150,2006.0,Abacate,1450.0,,112656.25,,464.0,64.0,64.0
151,151,2006.0,Abacaxi,708488.0,,1516838.5075434102,,229554.0,28104.0,28104.0
152,152,2006.0,Algodão arbóreo,0.0,,0.0,,0.0,0.0,0.0
153,153,2006.0,Algodão herbáceo,0.0,,0.0,,0.0,0.0,0.0
154,154,2006.0,Arroz,797240.0,,166696.83450095533,,306492.0,417658.0,419206.0
155,155,2006.0,Banana,1103572.0,,1551036.626425701,,338590.0,86098.0,86360.0
156,156,2006.0,Borracha,5082.0,,11438.329362298527,,5238.0,5708.0,5708.0
157,157,2006.0,Cacau,73190.0,,37763.85566113258,,203442.0,114924.0,115066.0
158,158,2006.0,Café,33304.0,,55364.63378545006,,60606.0,32440.0,44530.0
159,159,2006.0,Castanha de caju,2960.0,,12446.792811839323,,2368.0,4730.0,4730.0
160,160,2006.0,Coco,,512756.0,,1138257.5627004676,116970.0,51754.0,52084.0
161,161,2006.0,Dendê,2062008.0,,308875.5598567696,,179002.0,103330.0,103580.0
162,162,2006.0,Feijão,126386.0,,92111.9778021195,,167618.0,151546.0,151994.0
163,163,2006.0,Goiaba,8306.0,,84345.2127659574,,4222.0,752.0,752.0
164,164,2006.0,Laranja,427026.0,,1172377.139385603,,156782.0,26172.0,26172.0
165,165,2006.0,Limão,14990.0,,246767.2077922078,,3148.0,1232.0,1242.0
166,166,2006.0,Mamão,33400.0,,545204.0484903934,,14604.0,2186.0,2186.0
167,167,2006.0,Mandioca,10156852.0,,2069479.417593194,,1104696.0,628152.0,628192.0
168,168,2006.0,Maracujá,92334.0,,657817.1339285714,,45190.0,8960.0,8960.0
169,169,2006.0,Melancia,154610.0,,1386530.1462720546,,55436.0,7028.0,7050.0
170,170,2006.0,Milho,1153158.0,,183051.7966783914,,431464.0,551540.0,556640.0
171,171,2006.0,Sorgo,72.0,,7200.0,,22.0,20.0,20.0
172,172,2006.0,Tangerina,2694.0,,112678.9473684211,,226.0,190.0,190.0
173,173,2006.0,Tomate,28930.0,,592978.7234042553,,30698.0,1034.0,1054.0
174,174,2006.0,Uva,0.0,,0.0,,0.0,0.0,0.0
175,175,2007.0,Abacate,1482.0,,119794.1176470588,,474.0,68.0,68.0
176,176,2007.0,Abacaxi,779942.0,,1477016.2521019273,,251204.0,30924.0,30924.0
177,177,2007.0,Algodão arbóreo,0.0,,0.0,,0.0,0.0,0.0
178,178,2007.0,Algodão herbáceo,0.0,,0.0,,0.0,0.0,0.0
179,179,2007.0,Arroz,736820.0,,160236.4807818363,,336320.0,387498.0,388712.0
180,180,2007.0,Banana,1141902.0,,1547676.3842700664,,356544.0,89104.0,89144.0
181,181,2007.0,Borracha,2106.0,,14486.273657289003,,3488.0,3128.0,3128.0
182,182,2007.0,Cacau,86414.0,,37749.667081208805,,289154.0,128656.0,130496.0
183,183,2007.0,Café,31958.0,,53886.974094633886,,72848.0,30264.0,33154.0
184,184,2007.0,Castanha de caju,3264.0,,15194.304239401496,,2456.0,4812.0,4814.0
185,185,2007.0,Coco,,513244.0,,1170599.9621356996,130582.0,52292.0,52700.0
186,186,2007.0,Dendê,1739542.0,,300988.0813102591,,294248.0,98118.0,98368.0
187,187,2007.0,Feijão,118666.0,,97116.82371713406,,156588.0,141636.0,142138.0
188,188,2007.0,Goiaba,10184.0,,101842.5531914894,,4848.0,752.0,752.0
189,189,2007.0,Laranja,420720.0,,1186655.7703221762,,67000.0,25514.0,25514.0
190,190,2007.0,Limão,17248.0,,273746.4788732394,,3600.0,1420.0,1420.0
191,191,2007.0,Mamão,32080.0,,534497.8178137653,,14082.0,1976.0,2046.0
192,192,2007.0,Mandioca,10433910.0,,2129540.5118046156,,1324228.0,648814.0,648844.0
193,193,2007.0,Maracujá,82614.0,,674732.6099426387,,40094.0,8368.0,8370.0
194,194,2007.0,Melancia,166542.0,,1418952.6148325359,,63440.0,6688.0,6690.0
195,195,2007.0,Milho,1124064.0,,182702.8465123442,,463202.0,545438.0,547322.0
196,196,2007.0,Sorgo,142.0,,4056.5714285714303,,38.0,70.0,70.0
197,197,2007.0,Tangerina,2694.0,,112678.9473684211,,356.0,190.0,190.0
198,198,2007.0,Tomate,33514.0,,570067.6949152543,,34744.0,1180.0,1196.0
199,199,2007.0,Uva,0.0,,0.0,,0.0,0.0,0.0
200,200,2008.0,Abacate,1650.0,,119642.8571428571,,528.0,84.0,84.0
201,201,2008.0,Abacaxi,522694.0,,1520130.415331145,,224544.0,20716.0,20716.0
202,202,2008.0,Algodão arbóreo,0.0,,0.0,,0.0,0.0,0.0
203,203,2008.0,Algodão herbáceo,0.0,,0.0,,0.0,0.0,0.0
204,204,2008.0,Arroz,584710.0,,154796.2666902177,,377976.0,317042.0,317502.0
205,205,2008.0,Banana,1111628.0,,1508334.1942471017,,349060.0,86426.0,86426.0
206,206,2008.0,Borracha,4432.0,,14180.273422562139,,7774.0,4184.0,4184.0
207,207,2008.0,Cacau,94216.0,,37240.55018516621,,408078.0,136634.0,136652.0
208,208,2008.0,Café,27836.0,,52194.16252227128,,66006.0,25818.0,30548.0
209,209,2008.0,Castanha de caju,4162.0,,17033.8231292517,,3346.0,5880.0,5926.0
210,210,2008.0,Coco,,507194.0,,1158061.7711217091,126338.0,51582.0,51582.0
211,211,2008.0,Dendê,1792590.0,,296329.8889068303,,287132.0,99088.0,99088.0
212,212,2008.0,Feijão,99816.0,,90110.37097593644,,219376.0,129906.0,129926.0
213,213,2008.0,Goiaba,37344.0,,98983.8479809976,,20086.0,2526.0,2526.0
214,214,2008.0,Laranja,408794.0,,1136656.7741304878,,60532.0,24554.0,24554.0
215,215,2008.0,Limão,17574.0,,275103.305785124,,3848.0,1452.0,1452.0
216,216,2008.0,Mamão,32104.0,,526644.3009027081,,14076.0,1994.0,1994.0
217,217,2008.0,Mandioca,9598198.0,,2039480.770100766,,1281394.0,609728.0,616008.0
218,218,2008.0,Maracujá,66282.0,,651054.0928013877,,32540.0,6918.0,6918.0
219,219,2008.0,Melancia,173702.0,,1556747.7199032062,,66886.0,6612.0,6620.0
220,220,2008.0,Milho,1244828.0,,199018.90550085375,,518530.0,531772.0,532820.0
221,221,2008.0,Sorgo,0.0,,0.0,,0.0,0.0,0.0
222,222,2008.0,Tangerina,2694.0,,112678.9473684211,,352.0,190.0,190.0
223,223,2008.0,Tomate,32106.0,,519629.9483648881,,31848.0,1162.0,1162.0
224,224,2008.0,Uva,0.0,,0.0,,0.0,0.0,0.0
225,225,2009.0,Abacate,1450.0,,112656.25,,464.0,64.0,64.0
226,226,2009.0,Abacaxi,482196.0,,1479061.9585087192,,284430.0,19956.0,19972.0
227,227,2009.0,Algodão arbóreo,0.0,,0.0,,0.0,0.0,0.0
228,228,2009.0,Algodão herbáceo,0.0,,0.0,,0.0,0.0,0.0
229,229,2009.0,Arroz,605978.0,,156361.92653520693,,371762.0,312694.0,314042.0
230,230,2009.0,Banana,1002688.0,,1498383.743095697,,373286.0,77850.0,78760.0
231,231,2009.0,Borracha,4504.0,,15077.2851782364,,8118.0,4264.0,4264.0
232,232,2009.0,Cacau,108432.0,,40886.43954808691,,581262.0,140558.0,140558.0
233,233,2009.0,Café,25462.0,,50267.1905760852,,61198.0,24788.0,24788.0
234,234,2009.0,Castanha de caju,3734.0,,16270.874233128834,,2934.0,5216.0,5216.0
235,235,2009.0,Coco,,496376.0,,1170410.933107086,132960.0,48914.0,49326.0
236,236,2009.0,Dendê,1833326.0,,303164.5014505425,,294738.0,100652.0,100652.0
237,237,2009.0,Feijão,70472.0,,80525.48985124935,,108262.0,109176.0,121436.0
238,238,2009.0,Goiaba,27688.0,,64865.2542372881,,14530.0,1888.0,1888.0
239,239,2009.0,Laranja,406376.0,,1113402.6596738508,,109500.0,24406.0,24416.0
240,240,2009.0,Limão,20348.0,,293184.4311377246,,9402.0,1670.0,1670.0
241,241,2009.0,Mamão,28240.0,,520375.9327731092,,20798.0,1904.0,1904.0
242,242,2009.0,Mandioca,9097496.0,,1996488.4197530863,,1408698.0,579960.0,596192.0
243,243,2009.0,Maracujá,53526.0,,665437.0706319703,,41310.0,5380.0,5392.0
244,244,2009.0,Melancia,218954.0,,1628883.4630650496,,102720.0,9070.0,9120.0
245,245,2009.0,Milho,1104208.0,,201790.7298564398,,561490.0,480774.0,489128.0
246,246,2009.0,Sorgo,0.0,,0.0,,0.0,0.0,0.0
247,247,2009.0,Tangerina,2694.0,,112678.9473684211,,876.0,190.0,190.0
248,248,2009.0,Tomate,26062.0,,512009.9800399202,,36734.0,1002.0,1002.0
249,249,2009.0,Uva,0.0,,0.0,,0.0,0.0,0.0
250,250,2010.0,Abacate,1250.0,,108409.0909090909,,402.0,44.0,44.0
251,251,2010.0,Abacaxi,508694.0,,1501832.5579878902,,316612.0,17176.0,17184.0
252,252,2010.0,Algodão arbóreo,0.0,,0.0,,0.0,0.0,0.0
253,253,2010.0,Algodão herbáceo,0.0,,0.0,,0.0,0.0,0.0
254,254,2010.0,Arroz,527748.0,,160324.1231995966,,326424.0,253832.0,253870.0
255,255,2010.0,Banana,1079958.0,,1495709.7217520557,,454762.0,83422.0,83432.0
256,256,2010.0,Borracha,5280.0,,16604.109330819978,,8874.0,4244.0,4244.0
257,257,2010.0,Cacau,119074.0,,41292.15664595665,,600902.0,163528.0,163528.0
258,258,2010.0,Café,23902.0,,46156.95830729399,,74324.0,22402.0,22402.0
259,259,2010.0,Castanha de caju,4184.0,,16579.473791004395,,4100.0,5914.0,5914.0
260,260,2010.0,Coco,,464896.0,,1037938.5025041737,132934.0,47920.0,47920.0
261,261,2010.0,Dendê,2116762.0,,327317.4220197535,,386550.0,104488.0,104488.0
262,262,2010.0,Feijão,72996.0,,80321.48976632647,,148168.0,107586.0,107592.0
263,263,2010.0,Goiaba,40364.0,,92214.0477914555,,25088.0,2762.0,2762.0
264,264,2010.0,Laranja,401844.0,,1072408.3477044594,,112872.0,24308.0,24308.0
265,265,2010.0,Limão,36416.0,,334168.4985279686,,16996.0,2038.0,2040.0
266,266,2010.0,Mamão,30534.0,,598071.2836398839,,24220.0,2066.0,2086.0
267,267,2010.0,Mandioca,9192166.0,,1995417.0035452866,,2114136.0,593464.0,594964.0
268,268,2010.0,Maracujá,53308.0,,634503.9260838664,,46174.0,5628.0,5628.0
269,269,2010.0,Melancia,185750.0,,1556992.4811320754,,103478.0,8480.0,8482.0
270,270,2010.0,Milho,1038516.0,,222134.59092801492,,499624.0,403528.0,407338.0
271,271,2010.0,Sorgo,0.0,,0.0,,0.0,0.0,0.0
272,272,2010.0,Tangerina,2762.0,,120885.4166666667,,1326.0,192.0,192.0
273,273,2010.0,Tomate,21372.0,,388415.5172413793,,32426.0,870.0,870.0
274,274,2010.0,Uva,0.0,,0.0,,0.0,0.0,0.0
275,275,2011.0,Abacate,1250.0,,108409.0909090909,,858.0,44.0,44.0
276,276,2011.0,Abacaxi,541064.0,,1670084.3693131134,,387236.0,17936.0,17936.0
277,277,2011.0,Algodão arbóreo,0.0,,0.0,,0.0,0.0,0.0
278,278,2011.0,Algodão herbáceo,0.0,,0.0,,0.0,0.0,0.0
279,279,2011.0,Arroz,418982.0,,162076.9096666245,,225414.0,205594.0,205694.0
280,280,2011.0,Banana,1090986.0,,1510013.484156227,,542800.0,81420.0,81420.0
281,281,2011.0,Borracha,4668.0,,19018.932523616728,,10188.0,4446.0,4446.0
282,282,2011.0,Cacau,127598.0,,41112.21460236827,,613764.0,170082.0,170082.0
283,283,2011.0,Café,20502.0,,40742.21639656816,,80342.0,20980.0,20980.0
284,284,2011.0,Castanha de caju,5492.0,,16434.00128040973,,5430.0,6248.0,6248.0
285,285,2011.0,Coco,,458160.0,,1047038.7665469472,174302.0,46776.0,46776.0
286,286,2011.0,Dendê,2164696.0,,331671.3661428995,,524918.0,107936.0,107936.0
287,287,2011.0,Feijão,76026.0,,77691.48900682335,,130226.0,105520.0,105520.0
288,288,2011.0,Goiaba,11104.0,,86055.25250501,,8786.0,998.0,998.0
289,289,2011.0,Laranja,402916.0,,1091254.185799602,,129382.0,24112.0,24112.0
290,290,2011.0,Limão,40522.0,,384796.5457685665,,25840.0,2316.0,2316.0
291,291,2011.0,Mamão,35958.0,,610797.9067357513,,34290.0,2316.0,2316.0
292,292,2011.0,Mandioca,9295104.0,,2109460.365772371,,2042186.0,588098.0,588098.0
293,293,2011.0,Maracujá,53860.0,,692176.7410127561,,62130.0,5174.0,5174.0
294,294,2011.0,Melancia,241818.0,,1624628.5156130998,,136390.0,10504.0,10504.0
295,295,2011.0,Milho,1082256.0,,223437.28860220773,,588470.0,421064.0,421268.0
296,296,2011.0,Sorgo,0.0,,0.0,,0.0,0.0,0.0
297,297,2011.0,Tangerina,3040.0,,144257.2815533981,,1594.0,206.0,206.0
298,298,2011.0,Tomate,25242.0,,474141.935483871,,51306.0,930.0,930.0
299,299,2011.0,Uva,0.0,,0.0,,0.0,0.0,0.0
300,300,2012.0,Abacate,1250.0,,108409.0909090909,,444.0,44.0,44.0
301,301,2012.0,Abacaxi,634254.0,,1770960.5360678926,,483806.0,21210.0,21210.0
302,302,2012.0,Algodão arbóreo,0.0,,0.0,,0.0,0.0,0.0
303,303,2012.0,Algodão herbáceo,0.0,,0.0,,0.0,0.0,0.0
304,304,2012.0,Arroz,422670.0,,162730.1675250911,,217844.0,196484.0,196484.0
305,305,2012.0,Banana,1094196.0,,1438540.0367291707,,550822.0,82768.0,82768.0
306,306,2012.0,Borracha,5226.0,,17315.01714530647,,10308.0,4666.0,4666.0
307,307,2012.0,Cacau,134598.0,,41900.44802700896,,614500.0,176534.0,176534.0
308,308,2012.0,Café,20022.0,,38213.77822226559,,61998.0,20498.0,20498.0
309,309,2012.0,Castanha de caju,5780.0,,16889.756468797565,,5436.0,6570.0,6570.0
310,310,2012.0,Coco,,462800.0,,1059867.736770692,181112.0,47168.0,47168.0
311,311,2012.0,Dendê,2068722.0,,309026.6694446807,,545902.0,117590.0,117590.0
312,312,2012.0,Feijão,71024.0,,79581.81776743283,,133696.0,103110.0,103110.0
313,313,2012.0,Goiaba,12924.0,,103786.1095890411,,8778.0,730.0,730.0
314,314,2012.0,Laranja,395664.0,,1081705.682240643,,150342.0,23886.0,23886.0
315,315,2012.0,Limão,46224.0,,436115.0399113082,,23914.0,2706.0,2706.0
316,316,2012.0,Mamão,39384.0,,649715.3169750603,,37306.0,2486.0,2486.0
317,317,2012.0,Mandioca,9235086.0,,2075220.1453126452,,2375026.0,602728.0,602728.0
318,318,2012.0,Maracujá,53674.0,,639679.9077876792,,60990.0,5162.0,5166.0
319,319,2012.0,Melancia,235414.0,,1618505.5269461079,,112268.0,10354.0,10354.0
320,320,2012.0,Milho,1209598.0,,215329.83821520366,,618456.0,431870.0,431870.0
321,321,2012.0,Sorgo,0.0,,0.0,,0.0,0.0,0.0
322,322,2012.0,Tangerina,2932.0,,137181.8514851485,,1708.0,202.0,206.0
323,323,2012.0,Tomate,20014.0,,459288.8349514563,,40730.0,824.0,824.0
324,324,2012.0,Uva,0.0,,0.0,,0.0,0.0,0.0
325,325,2013.0,Abacate,1250.0,,108409.0909090909,,656.0,44.0,44.0
326,326,2013.0,Abacaxi,640956.0,,1700177.2181497633,,527274.0,21554.0,21554.0
327,327,2013.0,Algodão arbóreo,0.0,,0.0,,0.0,0.0,0.0
328,328,2013.0,Algodão herbáceo,0.0,,0.0,,0.0,0.0,0.0
329,329,2013.0,Arroz,410716.0,,160289.1484778643,,260224.0,183098.0,183098.0
330,330,2013.0,Banana,1171886.0,,1420800.8581935186,,823856.0,87020.0,87020.0
331,331,2013.0,Borracha,4104.0,,18987.651757188498,,6550.0,3756.0,4736.0
332,332,2013.0,Cacau,159454.0,,41191.43920309542,,673688.0,194352.0,194352.0
333,333,2013.0,Café,11860.0,,32207.9043437353,,39654.0,12754.0,12754.0
334,334,2013.0,Castanha de caju,3336.0,,10274.3864229765,,3468.0,6128.0,6128.0
335,335,2013.0,Coco,,429718.0,,1051486.7532713825,212578.0,42184.0,42184.0
336,336,2013.0,Dendê,2081076.0,,330617.2023864158,,526570.0,108950.0,108950.0
337,337,2013.0,Feijão,61474.0,,76292.50615598189,,130990.0,87882.0,87882.0
338,338,2013.0,Goiaba,5888.0,,101156.3410404624,,5182.0,346.0,346.0
339,339,2013.0,Laranja,395532.0,,1035067.7056788458,,191226.0,23702.0,23702.0
340,340,2013.0,Limão,64262.0,,490563.6364617044,,56654.0,3708.0,3708.0
341,341,2013.0,Mamão,38532.0,,707214.4882710685,,37754.0,2302.0,2302.0
342,342,2013.0,Mandioca,9243384.0,,2085684.4287131988,,4416068.0,604600.0,604600.0
343,343,2013.0,Maracujá,41572.0,,619194.233316089,,52702.0,3866.0,3866.0
344,344,2013.0,Melancia,234820.0,,1667510.4179590275,,162466.0,10446.0,10446.0
345,345,2013.0,Milho,1227092.0,,227624.70368660675,,713572.0,441924.0,442044.0
346,346,2013.0,Sorgo,48000.0,,6000.0,,12768.0,16000.0,16000.0
347,347,2013.0,Tangerina,3048.0,,175608.1764705882,,3318.0,204.0,204.0
348,348,2013.0,Tomate,18110.0,,461472.972972973,,40328.0,740.0,780.0
349,349,2013.0,Uva,0.0,,0.0,,0.0,0.0,0.0
350,350,2014.0,Açaí,0.0,,,,,,
351,351,2014.0,Abacate,1250.0,,108409.0909090909,,1400.0,44.0,44.0
352,352,2014.0,Abacaxi,652420.0,,1656036.6763875822,,545362.0,21260.0,21260.0
353,353,2014.0,Algodão arbóreo,0.0,,0.0,,0.0,0.0,0.0
354,354,2014.0,Algodão herbáceo,0.0,,0.0,,0.0,0.0,0.0
355,355,2014.0,Arroz,384144.0,,151951.73013156085,,246014.0,160078.0,160252.0
356,356,2014.0,Banana,1177310.0,,1392780.977458836,,1053004.0,90856.0,90916.0
357,357,2014.0,Borracha,3482.0,,13231.81749764817,,8374.0,2126.0,2132.0
358,358,2014.0,Cacau,200586.0,,41024.647719081455,,1301806.0,233064.0,234704.0
359,359,2014.0,Café,8228.0,,28422.913182545122,,27306.0,8754.0,8754.0
360,360,2014.0,Castanha de caju,3326.0,,7238.844884488449,,3648.0,6060.0,6060.0
361,361,2014.0,Coco,,425006.0,,1048947.592885565,224234.0,41718.0,42322.0
362,362,2014.0,Dendê,2374676.0,,315921.3609671848,,585756.0,144750.0,144750.0
363,363,2014.0,Feijão,57502.0,,72892.7458135708,,129644.0,82648.0,82648.0
364,364,2014.0,Goiaba,5724.0,,83269.4915254237,,5264.0,354.0,354.0
365,365,2014.0,Laranja,395628.0,,1026499.6747191485,,221924.0,23678.0,23678.0
366,366,2014.0,Limão,71938.0,,505738.2143205066,,49580.0,4106.0,4106.0
367,367,2014.0,Mamão,44098.0,,715054.6402439023,,50340.0,2624.0,2628.0
368,368,2014.0,Mandioca,9829662.0,,2037683.896893324,,3353000.0,688646.0,688646.0
369,369,2014.0,Maracujá,40658.0,,607529.0208333333,,57652.0,3840.0,3840.0
370,370,2014.0,Melancia,229984.0,,1675393.1955712326,,162896.0,10206.0,10206.0
371,371,2014.0,Milho,1180156.0,,227679.32464050694,,637588.0,410300.0,410300.0
372,372,2014.0,Sorgo,48000.0,,6000.0,,13440.0,16000.0,16000.0
373,373,2014.0,Tangerina,2694.0,,124811.8979591837,,3076.0,196.0,196.0
374,374,2014.0,Tomate,17400.0,,437072.0461095101,,35600.0,694.0,694.0
375,375,2014.0,Uva,0.0,,0.0,,0.0,0.0,0.0
376,376,2015.0,Açaí,2001700.0,,643309.9497682233,,8138816.0,271382.0,271402.0
377,377,2015.0,Abacate,1330.0,,120576.92307692309,,3866.0,52.0,52.0
378,378,2015.0,Abacaxi,745372.0,,1585303.2485365446,,900490.0,23916.0,23916.0
379,379,2015.0,Algodão arbóreo,0.0,,0.0,,0.0,0.0,0.0
380,380,2015.0,Algodão herbáceo,0.0,,0.0,,0.0,0.0,0.0
381,381,2015.0,Arroz,336736.0,,148151.21198400122,,219598.0,132510.0,132510.0
382,382,2015.0,Banana,1191054.0,,1373888.0434905272,,1190272.0,92158.0,92238.0
383,383,2015.0,Borracha,3214.0,,9335.4211663067,,8750.0,1852.0,1864.0
384,384,2015.0,Cacau,211828.0,,38830.6461289015,,1611290.0,246700.0,246750.0
385,385,2015.0,Café,1986.0,,24227.873692679,,6156.0,2486.0,2486.0
386,386,2015.0,Castanha de caju,3302.0,,5310.611205432937,,1970.0,5890.0,5890.0
387,387,2015.0,Coco,,411382.0,,1018674.1117997147,223000.0,40662.0,40742.0
388,388,2015.0,Dendê,2758384.0,,340915.9393079053,,651154.0,171884.0,171884.0
389,389,2015.0,Feijão,49600.0,,75293.18077790615,,95218.0,72708.0,72730.0
390,390,2015.0,Goiaba,8038.0,,121822.21875,,7512.0,512.0,516.0
391,391,2015.0,Laranja,402424.0,,1038496.0066934404,,307766.0,23904.0,23904.0
392,392,2015.0,Limão,73028.0,,511767.685340803,,78530.0,4284.0,4284.0
393,393,2015.0,Mamão,49890.0,,703329.9344262294,,55264.0,2928.0,2928.0
394,394,2015.0,Mandioca,9391470.0,,1995630.3240765913,,2442124.0,617928.0,618328.0
395,395,2015.0,Maracujá,66308.0,,602853.9993148338,,92904.0,5838.0,5840.0
396,396,2015.0,Melancia,234944.0,,1770082.1190253047,,176298.0,10670.0,10670.0
397,397,2015.0,Milho,1519324.0,,243229.24357484293,,797142.0,457732.0,457742.0
398,398,2015.0,Sorgo,30000.0,,6000.0,,7500.0,10000.0,10000.0
399,399,2015.0,Tangerina,2982.0,,124621.5454545455,,3150.0,220.0,220.0
400,400,2015.0,Tomate,18630.0,,401875.0,,36438.0,720.0,720.0
401,401,2015.0,Uva,0.0,,0.0,,0.0,0.0,0.0
402,402,2016.0,Açaí,2161224.0,,679092.5657439446,,3960834.0,332928.0,333018.0
403,403,2016.0,Abacate,880.0,,86382.3529411765,,1966.0,34.0,34.0
404,404,2016.0,Abacaxi,824204.0,,1630810.4674212525,,737652.0,26858.0,26858.0
405,405,2016.0,Algodão arbóreo,0.0,,0.0,,0.0,0.0,0.0
406,406,2016.0,Algodão herbáceo,0.0,,0.0,,0.0,0.0,0.0
407,407,2016.0,Arroz,363320.0,,142724.49561608443,,298654.0,145532.0,145946.0
408,408,2016.0,Banana,1009814.0,,1336033.9967978904,,1342392.0,84944.0,85020.0
409,409,2016.0,Borracha,3094.0,,12966.777777777781,,6842.0,1872.0,1872.0
410,410,2016.0,Cacau,171652.0,,37606.069560729884,,1579896.0,259658.0,260386.0
411,411,2016.0,Café,782.0,,16959.456140350878,,2482.0,912.0,912.0
412,412,2016.0,Castanha de caju,2892.0,,9905.47094274645,,6994.0,4646.0,4646.0
413,413,2016.0,Coco,,356690.0,,972058.7662066082,217790.0,38256.0,38376.0
414,414,2016.0,Dendê,2972164.0,,352323.2223295306,,764956.0,198804.0,198804.0
415,415,2016.0,Feijão,48132.0,,79167.58712314768,,166916.0,62624.0,62722.0
416,416,2016.0,Goiaba,9826.0,,130118.4668989547,,11404.0,574.0,574.0
417,417,2016.0,Laranja,382574.0,,1010518.2383958411,,294860.0,26930.0,26964.0
418,418,2016.0,Limão,79576.0,,545656.016591252,,142700.0,5304.0,5304.0
419,419,2016.0,Mamão,52382.0,,794252.9388264669,,52076.0,3204.0,3204.0
420,420,2016.0,Mandioca,8526026.0,,1977780.3706039623,,3866604.0,583480.0,583744.0
421,421,2016.0,Maracujá,42676.0,,669702.0330788804,,74714.0,3930.0,3940.0
422,422,2016.0,Melancia,242228.0,,1794759.3869152304,,219534.0,11372.0,11372.0
423,423,2016.0,Milho,1286016.0,,246140.6813358951,,941024.0,394522.0,396922.0
424,424,2016.0,Sorgo,31704.0,,12007.96963946869,,8432.0,10540.0,10540.0
425,425,2016.0,Tangerina,1972.0,,123305.35991820041,,2816.0,978.0,978.0
426,426,2016.0,Tomate,13160.0,,388905.5118110236,,36284.0,508.0,508.0
427,427,2016.0,Uva,0.0,,0.0,,0.0,0.0,0.0
428,428,2017.0,Açaí,2548112.0,,685931.5273844325,,6728554.0,376966.0,376966.0
429,429,2017.0,Abacate,894.0,,88194.1176470588,,2680.0,34.0,34.0
430,430,2017.0,Abacaxi,435712.0,,1644509.0934256054,,411846.0,18496.0,23086.0
431,431,2017.0,Algodão arbóreo,0.0,,0.0,,0.0,0.0,0.0
432,432,2017.0,Algodão herbáceo,0.0,,0.0,,0.0,0.0,0.0
433,433,2017.0,Arroz,375122.0,,161719.7575181927,,275336.0,136868.0,136868.0
434,434,2017.0,Banana,1028410.0,,1406608.066983428,,1335576.0,86290.0,87822.0
435,435,2017.0,Borracha,218.0,,1398.4871794871801,,464.0,780.0,826.0
436,436,2017.0,Cacau,232716.0,,41332.2285068731,,1699118.0,263782.0,263782.0
437,437,2017.0,Café,768.0,,17112.782608695652,,2406.0,920.0,920.0
438,438,2017.0,Castanha de caju,2918.0,,9654.839400428265,,4042.0,4670.0,4670.0
439,439,2017.0,Coco,,347576.0,,952218.9532132293,246582.0,37190.0,37190.0
440,440,2017.0,Dendê,3268952.0,,414927.8568620707,,787828.0,203510.0,203590.0
441,441,2017.0,Feijão,55760.0,,86105.03454045656,,142164.0,66936.0,66956.0
442,442,2017.0,Goiaba,10490.0,,130141.1100323625,,19070.0,618.0,618.0
443,443,2017.0,Laranja,573536.0,,1005522.9122249812,,362728.0,34634.0,34634.0
444,444,2017.0,Limão,165438.0,,555255.2906764168,,145282.0,7658.0,7658.0
445,445,2017.0,Mamão,26670.0,,604652.540106952,,34984.0,1496.0,1496.0
446,446,2017.0,Mandioca,8469594.0,,2030702.5795431768,,3691528.0,588674.0,588674.0
447,447,2017.0,Maracujá,22426.0,,507123.42324755987,,45594.0,2254.0,2254.0
448,448,2017.0,Melancia,176990.0,,1355602.2086795936,,177726.0,8664.0,8664.0
449,449,2017.0,Milho,1744130.0,,262589.39348867524,,889062.0,533962.0,533986.0
450,450,2017.0,Sorgo,32678.0,,11984.9283625731,,8724.0,10944.0,10944.0
451,451,2017.0,Tangerina,50530.0,,268524.5021216407,,12282.0,1414.0,1414.0
452,452,2017.0,Tomate,12480.0,,358785.1239669421,,33382.0,484.0,484.0
453,453,2017.0,Uva,0.0,,0.0,,0.0,0.0,0.0
454,454,2018.0,Açaí,2461398.0,,687521.3515468293,,5206796.0,343994.0,344032.0
455,455,2018.0,Abacate,892.0,,87635.2941176471,,1746.0,34.0,34.0
456,456,2018.0,Abacaxi,852120.0,,1689132.1090579904,,1130422.0,37558.0,37558.0
457,457,2018.0,Algodão arbóreo,0.0,,0.0,,0.0,0.0,0.0
458,458,2018.0,Algodão herbáceo,0.0,,0.0,,0.0,0.0,0.0
459,459,2018.0,Arroz,228070.0,,155975.65202018907,,156348.0,78062.0,78062.0
460,460,2018.0,Banana,835966.0,,1392306.7991399795,,1083482.0,70696.0,70696.0
461,461,2018.0,Borracha,2576.0,,6922.16624685139,,5644.0,1588.0,1628.0
462,462,2018.0,Cacau,220120.0,,40545.42307483542,,2099314.0,257926.0,258494.0
463,463,2018.0,Café,564.0,,15253.504672897196,,1328.0,642.0,648.0
464,464,2018.0,Castanha de caju,3638.0,,13851.280653950955,,7438.0,3670.0,3670.0
465,465,2018.0,Coco,,383650.0,,958844.7572794555,217678.0,37022.0,37162.0
466,466,2018.0,Dendê,4409062.0,,408142.472512253,,1097574.0,297478.0,297758.0
467,467,2018.0,Feijão,41168.0,,79716.22100914724,,81502.0,54224.0,54224.0
468,468,2018.0,Goiaba,10482.0,,149078.4089456869,,10758.0,626.0,626.0
469,469,2018.0,Laranja,608536.0,,933077.6803639566,,232820.0,27256.0,27266.0
470,470,2018.0,Limão,121324.0,,498280.904109589,,167410.0,7154.0,7154.0
471,471,2018.0,Mamão,34608.0,,646035.3642732049,,59816.0,2284.0,2302.0
472,472,2018.0,Mandioca,7672430.0,,1996110.817273103,,3294992.0,522616.0,531156.0
473,473,2018.0,Maracujá,25544.0,,516070.3547273982,,42302.0,2898.0,2924.0
474,474,2018.0,Melancia,167532.0,,1490936.7336683418,,144022.0,7960.0,7964.0
475,475,2018.0,Milho,1581930.0,,281670.9152566297,,915788.0,453416.0,453416.0
476,476,2018.0,Sorgo,26532.0,,11957.85953177258,,9198.0,8970.0,8970.0
477,477,2018.0,Tangerina,15640.0,,194964.7798165138,,4878.0,872.0,872.0
478,478,2018.0,Tomate,12394.0,,343596.5665236051,,26950.0,466.0,476.0
479,479,2018.0,Uva,0.0,,0.0,,0.0,0.0,0.0
480,480,2019.0,Açaí,2640300.0,,745041.514240885,,5760430.0,376030.0,376030.0
481,481,2019.0,Abacate,700.0,,70000.0,,1050.0,20.0,20.0
482,482,2019.0,Abacaxi,623894.0,,1914888.1145952109,,542612.0,28064.0,28064.0
483,483,2019.0,Algodão arbóreo,0.0,,0.0,,0.0,0.0,0.0
484,484,2019.0,Algodão herbáceo,0.0,,0.0,,0.0,0.0,0.0
485,485,2019.0,Arroz,189016.0,,142427.37888653539,,150382.0,76482.0,76482.0
486,486,2019.0,Banana,762496.0,,1349866.7679282278,,1236738.0,67324.0,71934.0
487,487,2019.0,Borracha,2958.0,,6547.22695035461,,6868.0,1692.0,1732.0
488,488,2019.0,Cacau,257922.0,,45292.78043468978,,2394816.0,281028.0,281098.0
489,489,2019.0,Café,492.0,,12899.749077490775,,920.0,542.0,542.0
490,490,2019.0,Castanha de caju,1600.0,,10179.842150910668,,3600.0,2306.0,2306.0
491,491,2019.0,Coco,,350430.0,,878851.306344341,187310.0,34582.0,34622.0
492,492,2019.0,Dendê,5087628.0,,437929.999086313,,1273392.0,328340.0,328820.0
493,493,2019.0,Feijão,41766.0,,75168.37722108942,,97300.0,54928.0,54928.0
494,494,2019.0,Goiaba,8224.0,,108639.8181818182,,14018.0,704.0,704.0
495,495,2019.0,Laranja,648844.0,,1055445.5166491412,,313022.0,28530.0,28540.0
496,496,2019.0,Limão,209844.0,,666883.6358359858,,212338.0,10682.0,10682.0
497,497,2019.0,Mamão,32658.0,,631672.3943661972,,48856.0,2130.0,2130.0
498,498,2019.0,Mandioca,7422428.0,,1894348.8036645919,,3037060.0,524042.0,545810.0
499,499,2019.0,Maracujá,30972.0,,587785.0996978852,,57858.0,3310.0,3346.0
500,500,2019.0,Melancia,167162.0,,1574817.1486146096,,168806.0,7940.0,7940.0
501,501,2019.0,Milho,1655440.0,,250071.3254528755,,964364.0,518244.0,518244.0
502,502,2019.0,Sorgo,79542.0,,21400.86315432667,,31336.0,41302.0,41302.0
503,503,2019.0,Tangerina,37156.0,,197223.8360655738,,12594.0,1952.0,1952.0
504,504,2019.0,Tomate,11220.0,,327971.1538461538,,26194.0,416.0,416.0
505,505,2019.0,Uva,0.0,,0.0,,0.0,0.0,0.0
